Head,153,81,0001.jpg
Torso,130,149,0001.jpg
Right-Shoulder,127,134,0001.jpg
Right-Elbow,107,150,0001.jpg
Right-Hand,85,176,0001.jpg
Left-Shoulder,139,133,0001.jpg
Left-Elbow,151,154,0001.jpg
Left-Hand,171,178,0001.jpg
Right-Hip,134,178,0001.jpg
Right-Knee,149,198,0001.jpg
Right-Foot-1,163,215,0001.jpg
Left-Hip,122,183,0001.jpg
Left-Knee,110,197,0001.jpg
Left-Foot-1,86,211,0001.jpg
Tail-1,67,161,0001.jpg
Right-Foot-2,189,204,0001.jpg
Left-Foot-2,106,215,0001.jpg
Tail-1,66,166,0002.jpg
Torso,133,150,0002.jpg
Head,153,82,0002.jpg
Right-Shoulder,131,133,0002.jpg
Right-Elbow,107,147,0002.jpg
Right-Hand,77,169,0002.jpg
Left-Shoulder,141,134,0002.jpg
Left-Elbow,160,153,0002.jpg
Left-Hand,187,172,0002.jpg
Right-Hip,139,178,0002.jpg
Right-Knee,159,196,0002.jpg
Right-Foot-1,156,213,0002.jpg
Left-Hip,124,182,0002.jpg
Left-Knee,110,195,0002.jpg
Left-Foot-1,83,198,0002.jpg
Left-Foot-2,77,212,0002.jpg
Right-Foot-2,184,212,0002.jpg
Left-Foot-1,125,214,0003.jpg
Left-Knee,127,195,0003.jpg
Left-Hip,130,177,0003.jpg
Right-Hip,136,177,0003.jpg
Right-Knee,140,193,0003.jpg
Right-Foot-1,112,196,0003.jpg
Right-Shoulder,135,128,0003.jpg
Right-Elbow,136,150,0003.jpg
Right-Hand,150,175,0003.jpg
Left-Shoulder,132,127,0003.jpg
Left-Elbow,122,149,0003.jpg
Left-Hand,123,175,0003.jpg
Torso,133,147,0003.jpg
Tail-1,66,167,0003.jpg
Head,150,84,0003.jpg
Right-Foot-2,105,212,0003.jpg
Left-Foot-2,152,213,0003.jpg
Head,152,79,0004.jpg
Tail-1,67,158,0004.jpg
Torso,138,145,0004.jpg
Right-Shoulder,139,128,0004.jpg
Right-Elbow,146,147,0004.jpg
Right-Hand,163,173,0004.jpg
Left-Shoulder,136,128,0004.jpg
Left-Elbow,133,149,0004.jpg
Left-Hand,134,175,0004.jpg
Right-Hip,131,174,0004.jpg
Right-Knee,117,196,0004.jpg
Right-Foot-1,104,215,0004.jpg
Left-Hip,145,176,0004.jpg
Left-Knee,159,188,0004.jpg
Left-Foot-1,142,199,0004.jpg
Left-Foot-2,151,213,0004.jpg
Right-Foot-2,123,220,0004.jpg
Left-Foot-1,163,214,0005.jpg
Left-Knee,150,199,0005.jpg
Left-Hip,138,183,0005.jpg
Right-Hip,123,182,0005.jpg
Right-Knee,108,198,0005.jpg
Right-Foot-1,86,211,0005.jpg
Torso,130,151,0005.jpg
Tail-1,70,161,0005.jpg
Right-Shoulder,137,132,0005.jpg
Right-Elbow,150,154,0005.jpg
Right-Hand,171,177,0005.jpg
Left-Shoulder,127,130,0005.jpg
Left-Elbow,108,150,0005.jpg
Left-Hand,87,173,0005.jpg
Head,147,83,0005.jpg
Right-Foot-2,107,216,0005.jpg
Left-Foot-2,187,205,0005.jpg
Head,152,83,0006.jpg
Right-Shoulder,139,133,0006.jpg
Right-Elbow,157,151,0006.jpg
Right-Hand,186,173,0006.jpg
Left-Shoulder,130,130,0006.jpg
Left-Elbow,105,149,0006.jpg
Left-Hand,80,167,0006.jpg
Tail-1,71,166,0006.jpg
Torso,136,149,0006.jpg
Right-Hip,126,180,0006.jpg
Right-Knee,111,194,0006.jpg
Right-Foot-1,83,198,0006.jpg
Left-Hip,146,182,0006.jpg
Left-Knee,159,194,0006.jpg
Left-Foot-1,156,213,0006.jpg
Left-Foot-2,186,211,0006.jpg
Right-Foot-2,76,212,0006.jpg
Left-Foot-1,112,196,0007.jpg
Left-Knee,139,193,0007.jpg
Left-Hip,139,180,0007.jpg
Right-Hip,130,178,0007.jpg
Right-Knee,127,196,0007.jpg
Right-Foot-1,124,214,0007.jpg
Tail-1,66,166,0007.jpg
Right-Shoulder,135,126,0007.jpg
Right-Elbow,131,146,0007.jpg
Right-Hand,133,177,0007.jpg
Left-Shoulder,137,126,0007.jpg
Left-Elbow,139,146,0007.jpg
Left-Hand,152,176,0007.jpg
Torso,135,144,0007.jpg
Head,154,84,0007.jpg
Right-Foot-2,155,213,0007.jpg
Left-Foot-2,105,211,0007.jpg
Head,153,78,0008.jpg
Right-Shoulder,134,125,0008.jpg
Right-Elbow,119,145,0008.jpg
Right-Hand,134,173,0008.jpg
Left-Shoulder,138,126,0008.jpg
Left-Elbow,147,147,0008.jpg
Left-Hand,163,174,0008.jpg
Torso,137,143,0008.jpg
Tail-1,68,158,0008.jpg
Right-Hip,146,175,0008.jpg
Right-Knee,158,188,0008.jpg
Right-Foot-1,142,199,0008.jpg
Left-Hip,128,178,0008.jpg
Left-Knee,116,195,0008.jpg
Left-Foot-1,103,214,0008.jpg
Left-Foot-2,124,219,0008.jpg
Right-Foot-2,151,214,0008.jpg
