Head,74,47,0001.jpg
Torso,69,99,0001.jpg
Left-Elbow,96,102,0001.jpg
Left-Hand,104,82,0001.jpg
Left-Shoulder,73,76,0001.jpg
Right-Shoulder,65,77,0001.jpg
Right-Elbow,51,97,0001.jpg
Right-Hand,51,133,0001.jpg
Right-Hip,73,126,0001.jpg
Left-Hip,70,126,0001.jpg
Right-Knee,85,171,0001.jpg
Right-Foot,88,212,0001.jpg
Left-Knee,73,171,0001.jpg
Left-Foot,62,216,0001.jpg
Left-Foot,58,214,0005.jpg
Left-Knee,72,173,0005.jpg
Right-Knee,96,167,0005.jpg
Right-Foot,94,210,0005.jpg
Right-Hip,77,130,0005.jpg
Left-Hip,71,131,0005.jpg
Right-Hand,74,122,0005.jpg
Right-Elbow,49,98,0005.jpg
Right-Shoulder,66,80,0005.jpg
Left-Shoulder,74,78,0005.jpg
Left-Elbow,91,107,0005.jpg
Left-Hand,104,89,0005.jpg
Torso,70,99,0005.jpg
Head,82,49,0005.jpg
Head,107,43,0010.jpg
Torso,89,93,0010.jpg
Right-Shoulder,98,77,0010.jpg
Right-Elbow,122,96,0010.jpg
Right-Hand,121,77,0010.jpg
Left-Shoulder,89,69,0010.jpg
Left-Elbow,67,72,0010.jpg
Left-Hand,62,100,0010.jpg
Right-Hip,90,123,0010.jpg
Left-Hip,97,123,0010.jpg
Left-Knee,127,147,0010.jpg
Left-Foot,113,186,0010.jpg
Right-Knee,89,169,0010.jpg
Right-Foot,73,203,0010.jpg
Right-Foot,144,183,0020.jpg
Right-Knee,157,141,0020.jpg
Right-Hip,120,126,0020.jpg
Left-Hip,115,126,0020.jpg
Left-Knee,117,168,0020.jpg
Left-Foot,100,208,0020.jpg
Torso,119,94,0020.jpg
Right-Shoulder,125,69,0020.jpg
Right-Elbow,98,68,0020.jpg
Right-Hand,88,97,0020.jpg
Left-Shoulder,135,77,0020.jpg
Left-Elbow,160,100,0020.jpg
Left-Hand,154,79,0020.jpg
Head,146,46,0020.jpg
Head,154,69,0025.jpg
Right-Shoulder,130,88,0025.jpg
Right-Elbow,111,103,0025.jpg
Right-Hand,140,117,0025.jpg
Left-Hand,156,119,0025.jpg
Left-Elbow,132,109,0025.jpg
Left-Shoulder,138,91,0025.jpg
Torso,130,103,0025.jpg
Right-Hip,129,138,0025.jpg
Right-Knee,160,174,0025.jpg
Right-Foot,149,214,0025.jpg
Left-Hip,126,138,0025.jpg
Left-Knee,124,179,0025.jpg
Left-Foot,87,199,0025.jpg
Left-Foot,159,172,0030.jpg
Left-Knee,157,134,0030.jpg
Left-Hip,119,120,0030.jpg
Right-Hip,114,120,0030.jpg
Right-Knee,111,167,0030.jpg
Right-Foot,88,201,0030.jpg
Torso,109,91,0030.jpg
Right-Elbow,147,88,0030.jpg
Right-Hand,138,76,0030.jpg
Right-Shoulder,120,76,0030.jpg
Left-Shoulder,111,66,0030.jpg
Left-Elbow,86,65,0030.jpg
Left-Hand,75,93,0030.jpg
Head,129,44,0030.jpg
Head,127,52,0040.jpg
Torso,106,98,0040.jpg
Right-Shoulder,104,71,0040.jpg
Right-Elbow,81,77,0040.jpg
Right-Hand,86,108,0040.jpg
Left-Shoulder,116,81,0040.jpg
Left-Elbow,140,99,0040.jpg
Left-Hand,141,78,0040.jpg
Right-Hip,112,128,0040.jpg
Right-Knee,153,152,0040.jpg
Right-Foot,156,197,0040.jpg
Left-Hip,107,128,0040.jpg
Left-Knee,109,171,0040.jpg
Left-Foot,84,204,0040.jpg
Left-Knee,153,153,0045.jpg
Left-Foot,137,190,0045.jpg
Left-Hip,128,120,0045.jpg
Right-Hip,128,122,0045.jpg
Right-Knee,132,170,0045.jpg
Right-Foot,117,208,0045.jpg
Torso,123,94,0045.jpg
Right-Shoulder,127,76,0045.jpg
Right-Elbow,150,95,0045.jpg
Right-Hand,145,76,0045.jpg
Left-Shoulder,118,68,0045.jpg
Left-Elbow,96,75,0045.jpg
Left-Hand,93,105,0045.jpg
Head,139,43,0045.jpg
Head,136,57,0050.jpg
Torso,118,102,0050.jpg
Right-Shoulder,123,85,0050.jpg
Right-Elbow,133,112,0050.jpg
Right-Hand,140,89,0050.jpg
Left-Shoulder,115,81,0050.jpg
Left-Elbow,101,97,0050.jpg
Left-Hand,110,113,0050.jpg
Right-Hip,121,129,0050.jpg
Right-Knee,124,170,0050.jpg
Right-Foot,89,196,0050.jpg
Left-Hip,127,129,0050.jpg
Left-Knee,160,158,0050.jpg
Left-Foot,157,198,0050.jpg
Left-Foot,92,195,0060.jpg
Left-Knee,130,177,0060.jpg
Left-Hip,125,137,0060.jpg
Right-Hip,130,136,0060.jpg
Right-Knee,154,174,0060.jpg
Right-Foot,148,216,0060.jpg
Torso,123,104,0060.jpg
Right-Shoulder,121,86,0060.jpg
Right-Elbow,110,110,0060.jpg
Right-Hand,139,110,0060.jpg
Left-Hand,142,117,0060.jpg
Left-Elbow,119,106,0060.jpg
Left-Shoulder,127,88,0060.jpg
Head,135,60,0060.jpg
Head,124,42,0065.jpg
Torso,113,89,0065.jpg
Right-Shoulder,123,72,0065.jpg
Right-Elbow,154,78,0065.jpg
Right-Hand,142,72,0065.jpg
Left-Shoulder,110,66,0065.jpg
Left-Elbow,83,61,0065.jpg
Left-Hand,74,91,0065.jpg
Right-Hip,121,120,0065.jpg
Right-Knee,124,163,0065.jpg
Right-Foot,99,200,0065.jpg
Left-Hip,125,119,0065.jpg
Left-Knee,164,123,0065.jpg
Left-Foot,180,158,0065.jpg
Left-Foot,138,214,0070.jpg
Left-Knee,143,172,0070.jpg
Left-Hip,122,132,0070.jpg
Right-Hip,121,132,0070.jpg
Right-Knee,138,172,0070.jpg
Right-Foot,113,200,0070.jpg
Right-Hand,126,129,0070.jpg
Right-Elbow,104,105,0070.jpg
Right-Shoulder,113,85,0070.jpg
Left-Shoulder,120,84,0070.jpg
Left-Elbow,129,115,0070.jpg
Left-Hand,145,103,0070.jpg
Torso,117,104,0070.jpg
Head,126,57,0070.jpg
Head,165,55,0080.jpg
Torso,155,102,0080.jpg
Right-Shoulder,160,83,0080.jpg
Right-Elbow,177,109,0080.jpg
Right-Hand,174,83,0080.jpg
Left-Shoulder,150,78,0080.jpg
Left-Elbow,127,83,0080.jpg
Left-Hand,132,114,0080.jpg
Right-Hip,161,131,0080.jpg
Right-Knee,187,175,0080.jpg
Right-Foot,185,216,0080.jpg
Left-Hip,158,132,0080.jpg
Left-Knee,175,164,0080.jpg
Left-Foot,163,201,0080.jpg
Left-Foot,212,184,0085.jpg
Left-Knee,219,144,0085.jpg
Left-Hip,184,121,0085.jpg
Right-Hip,183,121,0085.jpg
Right-Knee,202,165,0085.jpg
Right-Foot,189,206,0085.jpg
Torso,174,93,0085.jpg
Right-Shoulder,181,77,0085.jpg
Right-Elbow,207,89,0085.jpg
Right-Hand,197,79,0085.jpg
Left-Shoulder,168,69,0085.jpg
Left-Elbow,143,74,0085.jpg
Left-Hand,145,104,0085.jpg
Head,183,43,0085.jpg
Head,186,46,0090.jpg
Torso,178,97,0090.jpg
Right-Shoulder,183,77,0090.jpg
Right-Elbow,206,98,0090.jpg
Right-Hand,197,80,0090.jpg
Left-Shoulder,171,71,0090.jpg
Left-Elbow,148,81,0090.jpg
Left-Hand,160,108,0090.jpg
Right-Hip,182,122,0090.jpg
Right-Knee,202,167,0090.jpg
Right-Foot,188,208,0090.jpg
Left-Foot,203,193,0090.jpg
Left-Knee,208,158,0090.jpg
Left-Hip,186,122,0090.jpg
